{"xloc_list": {"xloc8": {"sci_val": 0.19850473105428568, "position": {"y": -0.9, "x": 1.46}, "ex_prob": 0.9205981075782858}, "xloc3": {"sci_val": 0.6559477614106309, "position": {"y": -0.2, "x": 1.93}, "ex_prob": 0.7376208954357476}, "xloc2": {"sci_val": 0.47360944251672066, "position": {"y": -0.5, "x": 1.5}, "ex_prob": 0.8105562229933118}, "xloc1": {"sci_val": 0.14171856014051243, "position": {"y": 0.0, "x": 1.55}, "ex_prob": 0.943312575943795}, "xloc7": {"sci_val": 0.3498619751347568, "position": {"y": 0.4, "x": 1.91}, "ex_prob": 0.8600552099460973}, "xloc6": {"sci_val": 0.3453617654341762, "position": {"y": 0.4, "x": 1.71}, "ex_prob": 0.8618552938263295}, "xloc5": {"sci_val": 0.970141218977621, "position": {"y": -0.2, "x": 1.73}, "ex_prob": 0.6119435124089516}, "xloc4": {"sci_val": 0.16565077976888132, "position": {"y": 0.3, "x": 1.92}, "ex_prob": 0.9337396880924475}}, "dloc_list": {"dloc6": {"position": {"y": -0.8, "x": 1.47}}, "dloc5": {"position": {"y": 0.3, "x": 1.72}}, "dloc4": {"position": {"y": -0.3, "x": 1.52}}, "dloc3": {"position": {"y": -0.4, "x": 1.71}}, "dloc2": {"position": {"y": 0.2, "x": 1.93}}, "dloc1": {"position": {"y": 0.9, "x": 1.46}}}, "scenario": "excavation"}