{"xloc_list": {"xloc8": {"sci_val": 0.8742299186887703, "position": {"y": 0.6, "x": 1.69}, "ex_prob": 0.6503080325244919, "name": "xloc8"}, "xloc3": {"sci_val": 0.5564365962688441, "position": {"y": -0.2, "x": 1.73}, "ex_prob": 0.7774253614924623, "name": "xloc3"}, "xloc2": {"sci_val": 0.9064179822901585, "position": {"y": -0.6, "x": 1.69}, "ex_prob": 0.6374328070839366, "name": "xloc2"}, "xloc1": {"sci_val": 0.5322028060234025, "position": {"y": 0.1, "x": 1.54}, "ex_prob": 0.787118877590639, "name": "xloc1"}, "xloc7": {"sci_val": 0.05973456291022805, "position": {"y": 0.6, "x": 1.49}, "ex_prob": 0.9761061748359088, "name": "xloc7"}, "xloc6": {"sci_val": 0.8168905053108612, "position": {"y": 0.3, "x": 1.72}, "ex_prob": 0.6732437978756556, "name": "xloc6"}, "xloc5": {"sci_val": 0.118781650214283, "position": {"y": 0.4, "x": 1.71}, "ex_prob": 0.9524873399142868, "name": "xloc5"}, "xloc4": {"sci_val": 0.2758223042230493, "position": {"y": 0.5, "x": 1.5}, "ex_prob": 0.8896710783107803, "name": "xloc4"}}, "dloc_list": {"dloc6": {"position": {"y": -0.1, "x": 1.94}, "name": "dloc6"}, "dloc5": {"position": {"y": 1.0, "x": 1.45}, "name": "dloc5"}, "dloc4": {"position": {"y": 0.4, "x": 1.91}, "name": "dloc4"}, "dloc3": {"position": {"y": 0.3, "x": 1.52}, "name": "dloc3"}, "dloc2": {"position": {"y": -0.8, "x": 1.47}, "name": "dloc2"}, "dloc1": {"position": {"y": -0.4, "x": 1.51}, "name": "dloc1"}}, "scenario": "excavation"}